{"cameraMode":{"drawMode":0,"name":"Shaded","section":"Shading Mode"},"sceneLighting":true,"audioPlay":false,"sceneViewState":{"showFog":true,"showMaterialUpdate":false,"showSkybox":false,"showFlares":true,"showImageEffects":true,"showParticleSystems":true,"showVisualEffectGraphs":true,"m_FxEnabled":true},"in2DMode":false,"pivot":{"x":21.313886642456056,"y":27.700000762939454,"z":3.930108070373535},"rotation":{"x":-0.08831083029508591,"y":-0.8534303903579712,"z":0.15371783077716828,"w":-0.49016258120536806},"size":0.8016936182975769,"orthographic":false}