{"cameraMode":{"drawMode":0,"name":"Shaded","section":"Shading Mode"},"sceneLighting":true,"audioPlay":false,"sceneViewState":{"showFog":true,"showMaterialUpdate":false,"showSkybox":true,"showFlares":true,"showImageEffects":true,"showParticleSystems":true,"showVisualEffectGraphs":true,"m_FxEnabled":true},"in2DMode":false,"pivot":{"x":3.5493733882904054,"y":27.967668533325197,"z":3.6139743328094484},"rotation":{"x":0.2245628833770752,"y":-0.40825968980789187,"z":0.10433807224035263,"w":0.8786542415618897},"size":2.0018274784088136,"orthographic":false}