{"cameraMode":{"drawMode":0,"name":"Shaded","section":"Shading Mode"},"sceneLighting":true,"audioPlay":false,"sceneViewState":{"showFog":true,"showMaterialUpdate":false,"showSkybox":true,"showFlares":true,"showImageEffects":true,"showParticleSystems":true,"showVisualEffectGraphs":true,"m_FxEnabled":true},"in2DMode":false,"pivot":{"x":5.4252824783325199,"y":28.523357391357423,"z":10.361089706420899},"rotation":{"x":-0.09883706271648407,"y":-0.41918686032295229,"z":0.045963846147060397,"w":-0.9013428688049316},"size":5.3280229568481449,"orthographic":false}